,accuracy_mean,accuracy_std,precision_mean,precision_std,recall_mean,recall_std,f1_score_mean,f1_score_std
FakeNewsNet - TF-IDF + Emotions,0.7586096903407563,0.005050932379579454,0.7589992905993718,0.005271434958533357,0.7586096903407563,0.005050932379579454,0.7585202120093378,0.005002609727790611
PolitiFact - TF-IDF + Emotions,0.6303447885008502,0.009046720276936098,0.630489730186186,0.008941004326200075,0.6303447885008502,0.009046720276936098,0.6302318559333844,0.009138463269837891
